koi_period,koi_duration,koi_prad,koi_teq,koi_steff,koi_slogg,koi_srad,label
1.636689474,1.353,11.55,2560,5234,3.436,3.739,1
0.616387954,0.8228,2.9,3451,5667,3.625,3.049,1
0.895725159,0.839,1.53,1786,5897,4.56,0.834,1
2.20921951,2.73,0.88,1507,5991,4.375,1.092,1
0.519438611,2.1631,40.61,2403,6177,4.462,1.011,1
1.338080913,1.511,0.67,2225,6331,4.086,1.536,1
1.28500546,2.691,0.84,2252,6061,4.01,1.653,1
0.866345203,2.0295,1.3,2164,6241,4.366,1.131,1
0.885128122,3.499,1.67,1808,5792,4.521,0.886,1
0.876308177,1.604,83.68,1912,6032,4.508,0.929,1
0.876305037,1.0782,1.17,1912,6032,4.508,0.929,1
0.56679489,4.248,0.71,2252,5642,4.337,1.056,1
0.71059239,4.92,3.92,3318,7454,4.107,1.853,1
2.27163926,4.043,1.05,1563,6276,4.385,1.106,1
1.75254087,4.098,1.41,2423,6660,3.894,2.074,1
0.505112372,0.4457,1.34,1892,5275,4.59,0.787,1
0.973162394,0.9156,1.29,1934,6108,4.466,1.03,1
1.33257551,6.18,14.1,1680,6039,4.493,0.951,1
0.683684256,0.9993,1.39,1612,5017,4.593,0.753,1
1.33257858,2.204,2.21,3110,6858,3.731,3.096,1
2.21701025,2.148,1.16,2371,7524,4.067,2.092,1
1.68208098,1.652,0.99,1982,6495,4.191,1.311,1
1.54038081,2.189,0.84,1582,5812,4.408,0.914,1
2.29792825,2.923,0.97,1524,6363,4.444,1.035,1
0.63110558,0.9029,0.66,1943,5400,4.443,0.898,1
0.639380626,1.2452,59.28,2751,6614,4.248,1.387,1
0.58945858,0.8629,1.07,1845,5286,4.517,0.776,1
0.566810349,3.684,0.59,1977,5776,4.596,0.759,1
2.21030693,2.531,1.13,1602,6343,4.375,1.115,1
0.584151088,1.622,0.62,2132,5427,4.347,1.031,1
1.02087755,2.483,0.69,1905,5750,4.337,1.106,1
1.157808265,3.279,1.2,2133,5412,3.941,1.629,1
0.566800743,5.647,0.55,2600,6484,4.377,1.173,1
0.705458827,2.506,0.64,1697,5374,4.607,0.748,1
1.089056842,2.592,0.76,1512,5087,4.463,0.881,1
1.48921922,1.78,2.9,1593,5780,4.438,1,1
0.741767939,0.2667,55.97,2130,6163,4.461,1.013,1
0.93378768,4.19,1.01,1939,6056,4.448,0.975,1
0.909317776,2.3046,0.78,2184,6513,4.403,1.104,1
0.566803615,2.032,1.41,2350,6106,4.405,0.982,1
1.5184299,3.414,2.34,1927,6302,4.259,1.269,1
2.787885,20.48,0.66,2286,7523,3.986,2.206,1
0.933750893,4.93,0.72,2143,5571,4.111,1.361,1
1.50179241,3.403,0.91,1618,5964,4.471,0.987,1
2.48881555,3.646,1.11,1511,6263,4.405,1.154,1
1.098445288,1.355,0.87,2188,6404,4.24,1.248,1
0.705447163,1.893,1.1,1959,5838,4.529,0.897,1
0.981402951,0.59,1.18,1821,6038,4.524,0.898,1
0.597017651,0.43,1.25,1577,4985,4.679,0.633,1
1.061931888,1.913,0.7,1757,5893,4.505,0.941,1
0.824182017,2.953,1.88,1917,5978,4.508,0.888,1
0.824183956,2.562,20.04,1917,5978,4.508,0.888,1
0.579771034,1.4624,12.06,1951,5561,4.561,0.854,1
0.896280933,1.3633,0.81,1690,5564,4.552,0.83,1
1.67494629,3.44,0.87,1939,6319,4.212,1.423,1
1.04589121,3.938,1.52,1977,6233,4.412,1.076,1
0.933732813,2.988,0.89,1775,5496,4.405,0.927,1
3.5566602,7.041,0.73,1555,6028,4.044,1.535,1
4.37990987,4.951,0.73,1619,6390,3.991,1.85,1
1.2783508,7.609,0.85,2853,7758,4.106,1.918,1
1.47257909,3.163,0.91,1662,6077,4.471,0.999,1
1.192598861,1.396,0.74,1728,5600,4.349,1.013,1
3.81837211,2.641,1.21,1656,6714,4.129,1.642,1
1.8789136,4.326,1.85,3331,8046,3.704,3.339,1
0.514769378,1.079,0.6,2114,5737,4.544,0.872,1
0.933725408,4.445,0.68,2795,6661,4.029,1.882,1
0.734577827,1.266,0.95,2062,5602,4.325,1.051,1
1.71659304,1.154,1.17,1607,6192,4.467,0.987,1
0.75499838,2.425,1.49,1948,5743,4.466,0.946,1
1.428596987,2.1401,1.62,2637,6745,3.901,2.144,1
1.3325981,2.89,0.9,1664,6063,4.51,0.918,1
1.19554594,3.821,0.74,2151,6088,4.15,1.463,1
0.967073267,2.9956,27.65,1867,5755,4.402,1.022,1
0.988493125,1.251,1.65,1781,5749,4.49,0.991,1
1.23522156,5.86,1.17,1712,5999,4.494,0.959,1
1.08523574,3.843,1.08,1636,5713,4.551,0.856,1
1.42856815,2.132,0.64,1547,5979,4.557,0.822,1
1.08195577,4.666,0.51,1524,5233,4.489,0.824,1
0.512579755,1.51,1.07,2359,6077,4.471,0.999,1
1.473330831,1.35,1.06,1575,5751,4.431,0.921,1
1.44438695,2.855,1.19,2015,6675,4.341,1.293,1
0.5668013,2.813,0.46,2481,6463,4.436,1.045,1
0.586756775,1.73,71.21,2153,5942,4.506,0.938,1
1.215181097,1.295,0.87,2230,6717,4.268,1.365,1
0.91840751,3.901,1.01,1525,5284,4.608,0.741,1
0.580724385,2.105,0.83,1948,5475,4.523,0.846,1
0.729721737,2.889,0.48,2153,6084,4.426,1.03,1
0.933156006,2.974,16.23,2199,6505,4.381,1.163,1
0.772153368,1.613,9.33,2965,5951,3.787,2.08,1
1.08469873,4.071,1.27,1756,5942,4.506,0.938,1
0.743496553,1.642,0.82,1632,5343,4.622,0.695,1
2.48267863,2.055,0.75,1620,6356,4.292,1.225,1
1.112066614,1.526,0.87,1793,6095,4.495,0.925,1
0.605556488,1.223,1.02,2123,6127,4.559,0.845,1
0.969810146,0.719,0.49,1840,5780,4.438,1,1
0.77957338,5.693,1.28,1820,5693,4.551,0.856,1
1.33255773,3.703,41.86,4665,4894,2.445,13.777,1
0.630539708,1.7554,28.36,1938,5458,4.482,0.894,1
1.250987767,0.9749,1.02,1687,6150,4.498,0.781,1
0.821472455,2.433,0.92,1559,4889,4.503,0.836,1
1.29019376,3.696,0.93,1528,5679,4.555,0.841,1
1.141145902,1.542,0.94,1877,6191,4.44,1.03,1
1.02104719,6.39,13.68,2129,6444,4.376,1.2,1
3.74100638,6.039,1.74,1732,5110,3.611,3.231,1
0.608185086,0.7646,48.68,2302,5981,4.372,1.043,1
0.85609532,0.584,0.99,1603,5285,4.566,0.775,1
0.814278497,1.988,0.8,1763,5537,4.539,0.886,1
1.23512642,4.14,0.4,1654,5746,4.468,0.954,1
1.89872895,1.315,0.99,1525,5942,4.439,1.05,1
1.45730286,3.69,0.9,1732,6225,4.45,1.031,1
0.96284096,2.583,0.83,1645,5561,4.557,0.836,1
0.566795449,2.861,0.68,2270,5864,4.411,1.04,1
1.12402161,2.975,0.68,1718,5941,4.519,0.911,1
0.566805787,3.28,0.71,2548,6435,4.386,1.128,1
0.706416004,0.984,1.08,2842,6514,4.09,1.585,1
1.97513859,3.347,1,1503,5571,4.31,1.145,1
1.018348545,4.471,1.16,2356,6161,4.129,1.616,1
1.23144658,3.713,0.48,1918,6015,4.285,1.15,1
0.876848974,1.498,0.83,1981,6168,4.488,0.96,1
3.0032416,2.124,3.49,1826,6606,4.071,1.768,1
0.79060666,3.385,21.96,1507,5038,4.601,0.667,1
0.681137877,2.72954,46.44,2028,5872,4.474,0.864,1
1.84370247,20.714,22.87,1627,6032,4.358,1.114,1
1.523274489,4.873,66.56,4284,4695,2.457,14.205,1
1.89124801,6.909,37.65,4478,4449,2.031,14.894,1
2.858881834,2.3282,10286.9,3637,4893,2.501,16.274,1
2.311635216,2.413,41.5,4074,4883,2.439,18.427,1
2.945413768,2.7081,57.62,3917,4584,2.185,19.255,1
0.523494855,0.8068,0.91,2529,6124,4.35,1.139,1
2.976011944,6.52442,105.2,1698,6582,4.168,1.426,1
1.606003041,4.90498,68.83,1675,6420,4.492,0.941,1
1.540390876,1.8254,34.29,4379,4964,2.562,15.155,1
1.540391816,1.9896,2.84,1501,5466,4.396,0.946,1
0.8880456,2.214,1.09,2163,6313,4.373,1.122,1
0.523630206,3.4743,53.58,1937,5407,4.535,0.745,1
0.523629857,2.186,0.97,5315,8277,3.693,3.518,1
1.389947636,1.6901,16.36,1660,5992,4.463,0.947,1
0.534108971,0.8777,2.5,5510,10747,4.1,2.432,1
1.01835891,7.6737,105.03,2301,6160,4.144,1.463,1
1.714415022,5.14142,131.63,2049,6351,4.12,1.626,1
0.766298116,1.781,16.31,2161,6267,4.431,0.996,1
4.750256849,2.0234,15.59,1994,5058,3.204,5.048,1
1.87887726,6.4174,115.79,2529,7730,4.088,1.969,1
0.938858024,4.05873,1401.45,7200,4297,1.663,33.474,1
0.939740093,3.682,34.87,7200,4297,1.663,33.474,1
1.928419307,4.0044,93.59,1878,6614,4.259,1.322,1
1.23707854,5.754,22.92,2180,6555,4.24,1.33,1
1.174684111,2.6122,4.16,1899,5974,4.332,1.143,1
0.915784938,2.3237,63.03,2375,6319,4.212,1.423,1
0.668831738,1.1595,115.78,14225,3299,0.146,149.058,1
3.350247222,4.4405,588.18,2243,6915,3.756,2.768,1
0.94459815,4.083,353.84,4159,4909,2.837,8.449,1
0.7820462,3.927,27.43,5791,4486,2.114,13.701,1
0.502807253,1.01493,26.81,1825,5109,4.564,0.715,1
2.845738159,10.8222,396.67,3328,4854,2.585,12.055,1
1.04951083,3.56,0.87,2809,7479,4.162,1.667,1
2.362348616,3.566,195.36,2103,5088,3.502,3.293,1
1.049407202,2.939,22.43,4719,4779,2.426,10.123,1
1.573013787,13.836,43.22,2408,6623,3.948,1.888,1
1.534680255,1.7215,31.85,4592,4961,2.441,15.15,1
0.564933826,2.324,5.2,2207,5808,4.402,0.898,1
1.80454753,2.247,0.67,1576,6006,4.41,1.019,1
1.559361189,3.01,0.71,1699,6450,4.493,0.938,1
0.907817865,2.207,0.57,2006,6208,4.462,1.009,1
0.650701007,0.922,302.92,6291,10921,3.811,3.701,1
3.98914472,1.927,28.29,3294,4998,2.524,16.187,1
1.710298746,3.90953,78.06,1938,6195,4.122,1.353,1
1.395088734,13.46,4712.55,4595,5155,2.619,15.15,1
1.195515508,6.1203,160.98,2641,6047,3.789,2.264,1
1.106559724,1.752,1.17,1989,6237,4.387,1.165,1
1.752563424,6.09269,124.27,2017,5853,3.971,1.795,1
1.541526152,4.8681,117.57,2687,7631,4.059,1.937,1
0.812592543,1.5565,19.59,2848,7138,4.197,1.554,1
0.566807976,4.073,1.05,2782,6418,4.246,1.41,1
1.80774253,2.637,5.29,1822,5164,3.88,1.779,1
2.456494241,2.83,25.12,3774,4949,2.486,13.477,1
0.660627744,4.782,46.01,2363,6302,4.388,1.098,1
2.41172336,2.6377,66.46,1705,6363,4.22,1.332,1
0.533000923,1.4119,7.94,2425,5934,4.331,1.064,1
0.864657096,3.5,0.8,1716,5576,4.556,0.852,1
0.762724017,1.9964,44.87,1860,5313,4.39,0.976,1
1.20609184,2.3098,65.7,1941,5657,4.186,1.355,1
0.779585877,4.21,0.84,1852,5757,4.544,0.872,1
0.718643662,2.57331,55.27,2004,5853,4.483,0.934,1
4.15471847,1.3542,8.21,1672,7025,4.15,1.65,1
1.018862018,6.5356,94.69,2504,6225,4.009,1.672,1
1.061935843,3.316,17.25,1697,5853,4.544,0.868,1
2.74259816,9.6375,207.03,1934,7051,4.144,1.662,1
3.479507187,3.8913,596.25,3521,4724,2.323,16.215,1
0.9886513,1.972,3.19,3183,6456,3.725,2.773,1
1.667481978,1.5711,25.86,3801,4992,2.751,11.322,1
1.5064973,2.592,0.76,1807,6201,4.336,1.126,1
1.827660901,3.94347,36,1688,6329,4.39,1.093,1
1.811461897,8.4604,381.07,3438,8572,3.776,3.034,1
2.174990487,8.4032,208.7,2009,6792,4.143,1.636,1
2.79123123,2.75,2.06,1771,6407,4.111,1.668,1
0.53655406,6.176,11.65,2401,6164,4.446,1.045,1
0.512581563,2.57122,42.9,1543,4612,4.648,0.604,1
3.34454697,14.363,1.01,1559,5966,4.069,1.551,1
3.556513986,11.318,193.24,2352,8105,3.937,2.433,1
2.506027,21.34,50.95,1547,5780,4.178,1.296,1
2.249001445,9.1242,58,2127,6025,3.8,2.293,1
1.332596891,3.968,1.03,1702,6091,4.487,0.967,1
1.16683439,2.13867,552.37,3456,8982,4.111,2.123,1
1.340642252,5.24265,102.68,2006,6332,4.26,1.222,1
1.391714994,1.262,35.67,8352,3749,0.833,59.684,1
2.645596445,2.871,36.91,2490,5282,3.264,5.243,1
1.213747448,5.76869,105.53,2529,6782,4.076,1.751,1
2.037453464,5.43534,138.63,2221,6456,3.906,2.056,1
0.93372768,3.956,0.75,1804,5849,4.517,0.919,1
1.427977594,14.398,15.82,1638,6099,4.511,0.919,1
1.23135049,3.641,0.82,1649,5791,4.505,0.958,1
0.745090995,7.56,14.17,1656,5324,4.603,0.751,1
2.747042821,2.5924,983.94,2918,8237,3.753,3.134,1
3.21315744,28.1,177.12,1691,6722,4.181,1.477,1
0.699985994,3.01096,47.76,1654,5267,4.614,0.725,1
1.08070208,7.458,137.97,3347,7796,3.937,2.34,1
0.687739345,0.1866,1.53,2837,6823,4.212,1.493,1
1.036592181,2.3201,168.58,3614,5122,3.063,5.679,1
2.709570556,5.57018,217.65,2428,5030,3.18,5.208,1
0.855294936,2.90006,48.67,2136,5846,4.27,1.207,1
1.838514472,3.3003,57.95,1573,5799,4.326,1.055,1
1.946198663,4.03867,53.62,1852,6224,4.165,1.433,1
2.638432843,2.42166,33.45,1605,6493,4.299,1.178,1
1.570918734,3.2235,58.63,1799,6192,4.326,1.162,1
1.071911205,4.16336,42.51,1810,5885,4.413,0.933,1
3.60740275,13.1481,243.87,1847,7030,4.057,1.812,1
2.56576073,21.43,35,3643,11086,3.98,2.936,1
2.305904182,3.39771,41.63,3148,9696,4.033,2.492,1
1.814127693,3.2031,597.53,4117,5048,2.607,14.566,1
2.283467238,7.7271,236.7,2058,6734,4.057,1.804,1
0.692807208,1.40344,64.01,2055,5780,4.438,1,1
1.129848386,2.0627,78.26,3298,5004,3.157,5.604,1
0.730961373,2.492,0.89,2494,6362,4.248,1.279,1
2.873661405,2.04037,137.49,1829,5692,3.829,2.287,1
2.243015793,4.3308,91.85,1812,6181,4.084,1.444,1
3.45424162,4.6884,47.01,1617,6550,4.178,1.509,1
1.237147433,7.09102,75.5,1793,6131,4.457,1.024,1
1.286206575,1.172,1.3,1647,5650,4.391,0.926,1
2.151384228,3.33731,66.57,1726,6184,4.19,1.257,1
2.404387089,7.33428,80.98,1670,6466,4.278,1.21,1
3.86963822,2.055,2.56,1993,7901,4.131,1.939,1
4.206063883,10.0049,281.66,2547,8212,3.736,3.185,1
0.905678069,2.1961,258,3992,5037,3.002,7.553,1
4.592401123,4.95371,52.7,1681,7209,4.137,1.727,1
1.519172042,5.4624,130.36,2515,7426,4.116,1.698,1
0.779600891,3.948,1.04,2095,5899,4.37,1.07,1
0.70914232,1.936,7.27,1685,5350,4.578,0.693,1
0.978365286,1.346,1,2656,7179,4.221,1.527,1
0.82902052,4.8972,90.37,2487,6643,4.273,1.325,1
1.108097491,3.4227,121.68,2209,5299,3.865,1.769,1
1.68041004,5.5719,100.19,2165,6817,4.165,1.576,1
1.123261102,4.2981,154.25,3214,7945,4.023,2.17,1
0.876831823,2.713,1.58,1899,5808,4.434,0.951,1
0.953734411,1.7765,32.13,2701,7346,4.251,1.494,1
2.07387057,6.7032,283.36,3149,7803,3.688,3.373,1
2.151211488,2.1921,17.7,3564,4955,2.661,10.899,1
1.457270345,6.4639,100.64,2131,6643,4.224,1.439,1
0.933756307,4.539,1.63,3136,7286,3.998,2.056,1
4.4625792,14.4378,54.24,1796,4847,3.277,3.619,1
2.377955124,2.42638,99.65,2965,9565,4.088,2.286,1
2.053866648,4.8007,169.85,2526,5051,3.22,4.089,1
1.27623492,2.191,1.6,1832,6297,4.448,1.031,1
4.61876778,6.01243,32.32,1565,6195,3.937,1.781,1
1.853209008,1.78189,130.35,2099,6384,4.026,1.716,1
2.32603513,9.61,7.18,2059,7061,4.146,1.735,1
0.764598174,1.074,0.32,2041,6174,4.456,0.814,1
2.4357503,17.75,17.56,2102,7239,4.129,1.781,1
0.673141323,0.921,1.29,1834,5461,4.552,0.858,1
1.404691943,6.2861,185.26,2162,5896,3.963,1.638,1
1.109841884,8.174,61.66,1910,5947,4.336,1.087,1
0.648868304,2.82757,78.34,2885,6531,4.12,1.524,1
0.958116757,2.45623,54.96,2273,6032,4.147,1.365,1
1.891268393,8.2929,396.64,5045,11287,3.642,4.662,1
1.429439359,2.418,49.93,2096,6490,4.205,1.389,1
2.821328629,5.025,39.25,1747,6765,4.224,1.471,1
1.97362159,6.584,2.86,1654,5870,4.235,1.248,1
0.947553302,1.122,0.68,1696,5627,4.516,0.817,1
2.163569709,7.6174,86.17,1997,6425,4.04,1.718,1
0.730941792,1.885,0.62,2189,6028,4.371,1.078,1
2.115511035,7.4284,188.3,2702,7563,3.883,2.638,1
1.015006003,7.57,2.38,1979,5910,4.318,1.124,1
2.97606111,5.607,4.89,2616,5321,3.158,6.669,1
0.555973115,1.2342,1.79,3053,5445,3.776,2.117,1
3.495457399,6.777,5002.07,2580,8130,3.791,2.863,1
1.8913126,5.943,1.06,1715,6432,4.381,1.147,1
2.881100586,9.7178,288.56,2946,8104,3.675,3.369,1
0.806244727,5.409,2.5,2043,6122,4.471,0.996,1
0.513486527,2.793,0.85,2069,5495,4.495,0.882,1
0.892061771,2.3027,46.55,1724,5561,4.512,0.855,1
3.471399167,5.07136,91.78,1557,6026,4.101,1.689,1
0.823015402,3.5547,19.03,1595,5088,4.532,0.813,1
1.35340473,12.632,345.44,4239,4867,2.637,12.866,1
2.9590637,28.81,0.65,1564,6192,4.195,1.322,1
1.831833524,7.505,694.24,2078,5269,3.667,2.183,1
0.738527471,1.2216,40.81,3057,5759,3.732,2.447,1
0.896271031,2.223,46.58,1732,5551,4.493,0.861,1
0.62240698,1.186,1.63,2663,6661,4.341,1.29,1
2.666961332,2.3584,46.65,1523,6602,4.426,1.061,1
1.528723,6.56,1.51,2550,6438,3.829,2.266,1
1.540395925,2.7898,50.04,1575,5780,4.438,1,1
1.540395458,2.8895,116.12,2850,7394,3.897,2.283,1
2.34413464,0.1827,4,1798,5313,3.835,2.095,1
0.9184939,2.44,0.97,2207,6444,4.376,1.2,1
1.341078732,3.84266,40.98,1953,6338,4.321,1.196,1
0.634131057,2.851,0.58,2488,6428,4.345,1.109,1
0.504296702,1.4145,50.41,2694,6140,4.243,1.187,1
2.756535731,1.5931,1495.41,1580,5496,4.02,1.669,1
3.684337796,3.2,209.93,2471,9589,4.152,2.095,1
1.96102766,17.83,9,1900,6613,4.241,1.404,1
1.1611022,4.77,1.45,2163,6661,4.341,1.29,1
1.731805,2.864,1.09,1636,5749,4.296,1.165,1
1.19561654,5.3468,15.42,1987,5583,4.115,1.413,1
0.55053961,1.274,3.27,4978,8092,3.725,3.267,1
2.5346749,21.486,30.76,1606,6395,4.292,1.174,1
0.872361431,3.7831,60.72,2112,6240,4.391,1.048,1
0.629277143,0.7377,3.39,2103,5628,4.388,0.976,1
1.22578063,2.2256,87.37,1700,5780,4.438,1,1
0.751408777,2.2924,46.91,1924,5697,4.46,0.903,1
0.866344198,2.0317,10.65,3711,4943,3.05,5.62,1
2.24294196,2.588,0.75,1653,6082,4.195,1.184,1
0.572079565,2.2628,61.47,1713,5233,4.625,0.639,1
0.82227,4.89,2.84,1922,5709,4.409,0.938,1
1.306220154,5.1497,83.43,2095,6600,4.238,1.124,1
2.234160129,20.67,40.04,1738,6616,4.329,1.298,1
1.124033872,5.6092,99.73,2557,7141,4.202,1.581,1
2.796660798,3.3284,47.97,1661,6331,4.146,1.326,1
0.96129257,4.59097,92.36,2346,6300,4.188,1.404,1
1.246585699,4.61195,61.17,1768,6266,4.487,0.892,1
0.89889187,2.378,0.83,1891,5823,4.445,0.981,1
1.121004547,9.59,17.58,2462,6705,4.145,1.608,1
1.874967306,10.19,3750.17,3443,4771,2.61,7.549,1
0.602277579,2.38,0.78,2699,6510,4.256,1.228,1
0.957823989,3.7162,91.17,2357,6018,4.122,1.64,1
2.470284342,7.933,98.19,1969,7012,4.173,1.662,1
1.2351627,4.773,0.93,1828,6210,4.45,1.033,1
1.23514326,4.795,0.8,1741,5930,4.436,0.997,1
0.89033356,2.75,22,5711,4981,2.437,18.374,1
1.000018535,1.257,2.58,3229,5295,3.352,4.319,1
0.796814727,1.33,2.23,2956,5039,3.465,2.813,1
1.06100327,1.675,0.94,1793,5966,4.493,0.961,1
0.922030438,4.4892,54.32,2210,6505,4.381,1.163,1
3.632934702,30.08,39.55,2602,9981,4.149,2.165,1
1.161947476,4.46738,72.87,2229,6208,4.156,1.551,1
0.607191899,1.31389,21.3,1757,5370,4.598,0.671,1
1.17430183,9.587,2.22,3020,7537,4.007,2.145,1
1.0567627,9.24,1.03,1634,5584,4.532,0.885,1
0.787122355,3.2285,25.79,1655,5210,4.528,0.799,1
2.15045295,4.453,24.27,4340,4899,2.356,18.92,1
0.561524348,3.336,0.43,2050,5919,4.55,0.715,1
1.78753633,7.306,0.96,1733,6299,4.333,1.113,1
1.77555333,14.41,1.26,1786,6594,4.39,1.138,1
1.37347867,12.62,4.25,2505,6877,4.028,1.753,1
1.00962683,5.126,1.37,2884,6028,3.724,2.412,1
1.060994733,2.6263,65.79,1967,5433,4.154,1.348,1
1.67473779,4.64,806.15,2895,7384,3.845,2.646,1
1.039370601,1.0407,5.19,2390,6443,4.146,1.457,1
2.31170112,9.966,1.77,3178,9451,3.97,2.679,1
1.25625738,9.726,1.32,3507,7450,3.68,3.063,1
0.99519559,2.293,0.29,1624,5506,4.512,0.782,1
0.73240662,4.33,3.65,3191,7392,4.135,1.772,1
2.954598,24.79,89.95,2148,6955,3.885,2.161,1
0.56200221,3.8,0.56,2983,6609,4.17,1.455,1
0.530799654,3.487,2.92,3102,6534,4.128,1.622,1
0.568187689,1.063,11.43,2943,6751,4.233,1.397,1
1.0094779,5.53,2.08,1817,5780,4.438,1,1
0.813998777,0.549,1.47,1931,5705,4.424,0.989,1
0.720605568,5.03,10.81,3931,8497,4.07,2.211,1
0.950488941,2.9592,1.4,4229,8107,3.698,3.385,1
0.541396363,2.384,2.04,3204,7118,4.212,1.489,1
0.55050827,1.1771,5.35,3961,4895,3.166,4.61,1
2.404292938,4.471,719.61,4177,4697,2.204,17.032,1
0.938074461,1.2801,39.3,5713,4697,2.204,17.032,1
0.756511594,2.8236,71.01,2549,6343,4.198,1.419,1
0.95887107,2.74318,46.09,1742,5530,4.425,0.892,1
0.5402463,13.93,6.2,3249,7296,4.249,1.498,1
1.28799777,3.343,0.96,2077,5382,3.917,1.684,1
1.516370133,1.298,1.14,1687,6140,4.455,1.048,1
1.949700558,4.3517,55.97,1717,6444,4.376,1.2,1
3.45707861,4.927,83.7,1603,6526,4.182,1.482,1
3.735996383,17.385,582.26,2063,5467,3.432,4.055,1
0.6397213,2.70098,47.07,1507,4794,4.633,0.625,1
2.025580507,4.3374,42.9,2102,6348,3.996,1.99,1
4.931366878,14.6263,140.16,1754,6562,3.835,2.263,1
0.61810542,6.666,39.52,1994,5371,4.403,0.949,1
1.069952289,1.242,0.94,1993,5869,4.274,1.221,1
0.61808448,3.94,0.89,1854,5339,4.503,0.793,1
0.759764397,5.7603,69.16,2004,5930,4.462,0.933,1
1.795272893,7.3279,55.88,1641,6363,4.456,1.012,1
0.755109271,2.619,0.47,1961,5606,4.39,0.962,1
1.51945773,2.983,0.41,1793,6284,4.375,1.096,1
0.759752794,2.572,0.88,2116,6077,4.444,1.072,1
1.025478412,1.743,0.96,2768,7209,4.137,1.727,1
1.025465916,3.7077,82.36,2539,7143,4.266,1.448,1
0.648775787,4.3461,41.43,1714,5143,4.559,0.776,1
4.132522721,12.499,93.51,1628,6567,4.045,1.636,1
0.938904984,5.01033,207,4278,8615,3.784,3.003,1
0.93892046,2.505,0.86,2474,6826,4.273,1.391,1
1.216176563,5.6963,4.06,2801,6234,3.741,2.5,1
0.643002809,1.0188,39.93,2187,5681,4.315,1.036,1
1.330347247,4.8178,23.86,1635,5984,4.521,0.906,1
1.140132662,7.33,27.23,2610,6725,4.035,1.781,1
2.56272536,2.017,0.83,1502,5475,4.118,1.374,1
1.3629585,10.98,8.25,2632,6831,3.971,2.106,1
3.34362248,27.1,15.93,1734,6541,4.069,1.687,1
0.905685261,1.395,0.76,1899,6075,4.501,0.909,1
0.790046077,4.9367,238.36,2557,6767,4.304,1.365,1
1.804591783,3.83117,57.01,1726,6282,4.332,1.118,1
1.400904463,0.921,1.18,1764,6366,4.472,0.979,1
1.14075091,2.962,0.67,3191,8847,4.2,1.685,1
1.044408447,3.633,1.17,2745,7274,4.161,1.698,1
0.977045,10.14,3.07,2870,7333,4.138,1.763,1
0.957476655,0.6337,2.52,2140,6312,4.338,1.122,1
1.559359853,5.4449,99.96,2291,7017,4.156,1.573,1
0.576272479,4.51,1.73,3398,7289,4.13,1.709,1
1.60369757,7.594,0.86,2088,6919,4.29,1.413,1
0.573036404,1.3176,9.97,2376,5745,4.29,1.196,1
0.643171413,2.33199,47.59,2195,5899,4.387,0.989,1
1.872620779,1.7607,11.97,1549,6031,4.427,1.004,1
1.118507672,1.199,0.76,1681,5918,4.546,0.863,1
0.94897209,3.372,1.2,2499,6680,4.203,1.474,1
3.722805085,14.503,91.75,1732,5425,3.678,2.592,1
1.245342201,4.434,259.92,3884,7204,3.478,4.273,1
0.604755707,1.3855,1.25,1621,4841,4.593,0.743,1
4.200205777,5.4877,47.31,1737,6873,4.051,1.923,1
0.766473386,2.4634,42.32,1626,5297,4.594,0.722,1
1.25334355,4.862,0.69,1890,5861,4.246,1.16,1
1.620813157,5.7032,42.93,1732,5757,4.209,1.177,1
1.9956507,3.629,1.13,2579,6763,3.756,2.6,1
0.898799064,1.984,0.73,2278,6225,4.25,1.273,1
2.15838799,6.675,99.89,1830,5210,3.778,1.946,1
2.2127359,3.457,0.49,1528,6191,4.387,1.005,1
0.776976077,1.94865,47.52,2084,5999,4.423,1.042,1
0.687772085,2.55338,46.51,2097,5885,4.413,0.933,1
0.843651293,2.80488,40.19,1552,5220,4.578,0.695,1
1.75242244,13.7,2.34,1552,5779,4.364,0.99,1
2.212877175,4.71059,68.1,1508,6153,4.405,1,1
0.845102191,1.858,0.7,1601,5261,4.58,0.804,1
0.676990205,1.68817,38.5,1918,5810,4.569,0.812,1
0.515875396,1.21,7.22,3189,7229,4.278,1.38,1
1.195516531,6.23235,76.55,1715,5780,4.438,1,1
0.733726411,2.205,0.95,2602,6175,4.099,1.405,1
1.28942156,3.7,0.68,1984,6450,4.337,1.143,1
1.053572836,1.70636,35.21,1769,5835,4.453,0.907,1
0.970085594,1.1168,18.93,4494,4800,2.681,11.308,1
0.920987473,6.71,4.05,3296,7687,4.042,2.154,1
0.715381717,0.189,8.01,2364,6418,4.395,1.171,1
2.264471433,7.1742,102.06,2105,6782,4.014,1.752,1
0.698365395,1.0916,5.51,2331,6116,4.318,1.15,1
1.42877514,5.462,0.96,1738,6197,4.449,1.035,1
1.106560741,2.64533,55.95,1782,6205,4.534,0.873,1
0.72162443,2.47266,41.28,1603,5067,4.565,0.715,1
1.267693901,3.5704,64.79,1606,5446,4.388,0.961,1
0.85450941,3.723,0.35,1928,5922,4.454,0.921,1
0.528808245,2.391,1.19,2906,6218,4.135,1.493,1
0.700605295,0.074,2.87,2528,6273,4.23,1.327,1
2.172044393,8.0998,139.1,2622,7485,3.875,2.441,1
0.536869783,4.164,1.81,2645,6495,4.379,1.168,1
1.574061594,5.5672,4.94,1619,5951,4.411,0.962,1
0.733725042,3.291,1.07,1870,5851,4.572,0.798,1
1.17033848,11.56,0.98,3272,8027,3.997,2.314,1
0.566802325,1.842,1.4,1889,5233,4.489,0.824,1
2.64182865,2.662,3.36,2104,5195,3.409,2.935,1
2.00384998,3.489,0.78,1518,6045,4.439,1.028,1
2.340536069,4.41859,69.59,1581,6300,4.349,1.136,1
0.566793812,4.82,0.36,2205,5758,4.402,0.942,1
0.56676353,3.834,0.56,2048,5548,4.473,0.889,1
0.56678261,3.294,0.54,2071,5674,4.506,0.911,1
0.566794877,4.465,1.13,2062,5804,4.553,0.85,1
0.566813967,4.377,0.8,1659,4987,4.611,0.654,1
0.566799218,4.227,0.79,3153,6108,3.893,1.753,1
0.566799154,4.243,0.7,1886,5313,4.51,0.784,1
0.56678702,3.074,0.27,2356,6045,4.375,0.999,1
2.196355184,9.6875,83.97,1794,6438,4.182,1.273,1
0.615787196,3.067,3.5,3886,6315,3.603,3.075,1
2.213963151,6.779,57.1,1892,6256,4.037,1.514,1
3.226232203,0.4022,1.01,1620,6534,4.203,1.437,1
0.566800413,2.366,0.41,2446,6170,4.356,1.058,1
0.566765182,5.323,0.85,2443,6388,4.442,1.037,1
0.566800232,5.732,0.96,2262,6075,4.486,0.969,1
0.566796339,5.058,1.98,2149,5825,4.504,0.965,1
0.56678953,4.53,1.26,2430,6100,4.358,1.093,1
0.566805058,4.208,0.94,2383,6277,4.457,1.015,1
0.566810955,4.089,0.8,2024,5706,4.538,0.828,1
0.566797861,2.699,1.06,2270,6046,4.478,1.007,1
1.585673667,3.2157,26.19,1647,6117,4.457,1.025,1
2.25353705,5.1297,184.77,2055,6951,4.119,1.662,1
1.386249242,3.0639,78.94,2147,6218,4.124,1.618,1
0.566806226,4.88,1.98,1909,5494,4.577,0.794,1
0.56679416,4.704,0.44,2258,6119,4.497,0.938,1
0.566790895,4.904,0.87,2207,5949,4.493,0.962,1
0.566778011,2.746,0.61,2042,5691,4.544,0.887,1
2.245739007,8.7035,99.69,1718,6474,4.293,1.289,1
0.566801993,5.939,1.61,1913,5585,4.588,0.748,1
0.566816592,5.206,11.43,2311,6108,4.466,1.03,1
0.566772175,5.251,0.92,1645,5087,4.671,0.645,1
0.566787215,6.174,1.25,1993,5615,4.552,0.848,1
0.56679168,5.411,0.72,1807,5252,4.593,0.779,1
0.566800252,1.74,1.29,3110,6487,4.08,1.748,1
0.566789763,4.008,0.4,1984,5799,4.6,0.758,1
0.56677809,4.257,1.01,2297,6165,4.474,0.942,1
2.525386392,3.71642,69,1701,6828,4.337,1.234,1
0.566802565,1.761,0.87,2869,6381,4.155,1.423,1
0.566803738,1.8481,1.13,2450,6300,4.404,1.057,1
2.182515078,6.8466,127.98,2703,8051,3.966,2.347,1
2.31611697,2.542,0.74,1558,6025,4.3,1.193,1
0.948682891,1.607,1.15,1665,5576,4.556,0.852,1
1.655472269,5.0939,125.84,2545,6725,3.86,2.171,1
3.258250311,2.6279,47.7,1719,6708,4.147,1.573,1
0.773617976,0.403,1.06,1977,5973,4.506,0.935,1
0.77353126,1.346,1.84,2475,6296,4.217,1.35,1
4.1747072,41.62,9.04,1687,6840,4.083,1.763,1
0.62228862,2.315,0.78,2035,5672,4.447,0.853,1
1.075577574,4.14784,73.53,2095,6011,4.217,1.267,1
0.811387723,0.9674,9.23,4568,4897,2.683,7.782,1
1.74336627,10.405,140.49,2029,6640,4.208,1.478,1
1.507093946,5.8137,130.13,2365,6921,4.108,1.728,1
0.758355545,4.3758,40.05,1787,5649,4.573,0.797,1
0.843400267,1.8165,0.67,1943,5982,4.493,0.96,1
0.874236216,2.352,3.46,6177,10894,3.667,4.378,1
1.75173647,5.122,3.86,4900,10894,3.667,4.378,1
0.608862987,1.283,123.55,3656,5022,3.311,4.167,1
0.88511959,3.319,1,1661,5392,4.521,0.819,1
0.902403563,1.7129,6.17,1688,5776,4.599,0.755,1
2.113197552,3.46483,50.51,1825,6215,4.138,1.463,1
0.580720767,1.74,0.75,2188,5989,4.492,0.933,1
1.72933679,3.68,0.52,1566,5927,4.412,0.972,1
0.567493831,1.3504,64.84,3020,6370,4.053,1.548,1
2.105238308,5.2274,73.87,1965,5947,3.943,1.885,1
4.719336403,2.8361,75.12,1545,6812,4.154,1.604,1
1.927295527,2.542,201.53,1614,6057,4.352,1.11,1
1.025534583,3.5085,68,1898,6267,4.487,0.919,1
0.655092765,5.421,4.41,2175,6063,4.476,1.012,1
0.692239401,2.8931,68.75,2595,6163,4.137,1.358,1
2.352435,6.18,0.8,1702,6751,4.354,1.196,1
1.48062818,2.939,0.8,1654,6187,4.499,0.937,1
1.489442358,5.51205,120.13,2365,6971,4.125,1.68,1
1.468426071,6.6665,40.39,1561,5539,4.381,0.959,1
1.28659726,10.34,2.27,2321,6846,4.205,1.507,1
1.790518273,3.29211,33.04,1874,6576,4.294,1.256,1
1.03905082,3.035,0.87,2297,6558,4.239,1.28,1
0.503201954,0.167,2.99,3550,6157,3.827,2.306,1
1.01884975,3.233,0.47,1754,6068,4.568,0.829,1
0.552141897,4.985,10.04,2206,5952,4.486,0.904,1
2.623872858,4.61167,74.6,1791,6728,4.206,1.46,1
0.755103315,2.625,42.51,2356,6038,4.206,1.213,1
3.671661107,4.31309,111.27,1967,7343,4.02,1.94,1
4.028671909,8.06469,53.54,1507,6319,4.15,1.567,1
2.301187111,7.892,142.57,2784,7970,3.871,2.652,1
0.898501322,3.9657,93.83,2336,6338,4.239,1.299,1
1.759276227,3.1954,51.84,1989,6677,4.243,1.414,1
1.613014829,4.3758,157.69,3147,7832,3.836,2.779,1
0.77996263,3.369,0.83,2607,6002,4.032,1.629,1
0.562473721,5.1211,1.68,2132,5638,4.437,0.933,1
0.755049069,2.03943,29.7,1552,5242,4.64,0.622,1
1.012695621,3.5769,42.37,2231,6481,4.288,1.224,1
2.214029622,5.6418,95.41,1889,6603,4.181,1.518,1
2.441988008,3.94327,88.47,1992,6078,3.874,2.059,1
0.95707921,3.8607,73.47,2443,6367,4.133,1.468,1
0.510789828,2.238,1.61,3627,6596,3.913,2.176,1
0.898837661,3.5284,57.89,1615,5284,4.518,0.807,1
1.352576928,5.49791,161.88,2865,6881,3.831,2.406,1
1.262273109,3.29122,508.63,4591,4900,2.508,12.903,1
0.767576713,2.0424,35.27,1530,5182,4.635,0.627,1
4.007704518,5.50973,98.92,1753,7146,4.128,1.75,1
0.652956856,0.3049,0.68,1777,5360,4.543,0.74,1
0.530974082,3.886,5.29,2373,6185,4.472,0.991,1
0.530967178,3.81,90.31,2310,5951,4.439,0.991,1
1.606163675,4.91407,177.43,3509,8281,3.752,3.147,1
0.61932352,0.47,5.93,3365,7105,4.063,1.844,1
1.371587993,12.901,4.91,2413,7045,4.154,1.604,1
0.739769976,1.96596,88.34,3017,6465,3.947,1.847,1
0.541405034,2.76845,125.3,2684,5096,3.889,1.782,1
1.01486138,1.597,1.53,1929,6158,4.453,1.024,1
1.575710284,6.80824,442.38,3324,5108,3.038,7.662,1
1.12680245,11.11,13.92,1595,5665,4.554,0.843,1
0.998217608,3.917,79.52,2795,6980,4.06,1.755,1
1.827558877,4.69129,134.65,2179,5977,3.854,2.077,1
1.62751534,8.46,1.04,2019,6861,4.308,1.3,1
1.50650369,5.02357,178.87,3249,8751,4.026,2.352,1
0.824851837,1.9311,78.87,2538,5658,3.903,1.654,1
0.82483912,1.3196,107.27,9238,3973,1.128,53.63,1
2.496328699,2.7021,838.6,2125,6753,3.977,2.137,1
1.721313763,3.80434,80.45,1627,5960,4.371,1.073,1
1.50648836,2.478,0.9,2228,6829,4.186,1.559,1
1.583334852,4.4775,57.02,1549,5846,4.472,0.953,1
0.78429229,3.022,1.13,1565,5176,4.589,0.681,1
2.665875564,7.603,67.43,1501,6234,4.351,1.159,1
2.66582864,5.572,0.89,1663,6276,4.17,1.353,1
1.57658035,14.57,15.06,2129,6734,4.207,1.485,1
2.52557212,2.302,0.75,1574,6068,4.235,1.242,1
0.50948306,3.14,1.22,3024,6344,4.091,1.39,1
1.387206715,3.81765,95.5,2619,7207,4.06,1.894,1
1.38719768,2.354,0.73,1708,6122,4.471,0.996,1
0.687014326,6.417,5.52,3534,6240,3.684,2.803,1
0.91840262,4.685,1.04,1552,5220,4.56,0.791,1
0.94354901,5.962,0.97,3179,7693,4.083,1.984,1
3.044771385,11.0949,232.16,2815,8199,3.747,3.163,1
0.773144488,4.0435,139.89,2859,6413,4.038,1.91,1
2.66811113,22.49,1.53,1792,6593,4.164,1.561,1
2.131224751,5.4983,37.32,1555,6181,4.38,1.028,1
0.839902185,1.171,0.9,1639,5120,4.478,0.853,1
1.219736052,4.88513,138.11,2630,7367,4.162,1.664,1
2.015152481,8.17785,132.22,2107,6988,4.163,1.649,1
2.537081958,4.80248,72.56,1769,6731,4.251,1.405,1
3.359470841,2.14925,70.33,1829,6585,3.969,1.788,1
3.79658132,12.0433,238.46,2576,8117,3.748,3.07,1
3.7980147,10.183,271.97,2576,8117,3.748,3.07,1
1.219049953,1.477,2.48,2948,5742,3.521,3.374,1
0.645848383,1.161,0.59,1943,5381,4.426,0.911,1
1.588298182,4.35792,120.26,2771,7742,4.024,2.094,1
1.38385822,10.61,9.9,5609,11269,3.639,4.699,1
1.922010407,3.1248,41,1596,5880,4.296,1.087,1
1.250390821,3.7173,101.81,2367,6297,4.006,1.663,1
1.077357914,3.9578,70.77,1924,6100,4.397,1.064,1
0.536652927,3.046,1.09,2143,5822,4.529,0.898,1
1.122845007,1.8153,2.7,3668,9274,4.092,2.227,1
1.219324737,4.36074,129.86,3041,7498,3.964,2.274,1
0.953299661,1.69979,34.11,2009,6183,4.407,1.02,1
1.28709317,2.039,0.85,1632,5906,4.494,0.852,1
3.66189577,36.038,1390.73,1708,6793,4.101,1.589,1
2.351955207,6.0234,63.24,1665,6528,4.329,1.207,1
1.882438229,3.49273,74.27,1819,6322,4.211,1.213,1
1.089077159,3.7356,77.53,2047,6126,4.285,1.176,1
0.585941115,4.7133,27.32,1874,5465,4.583,0.798,1
0.646527772,3.993,0.82,3040,7247,4.247,1.501,1
2.488812016,5.94709,84.39,1851,6499,4.084,1.497,1
0.51811269,0.82,1.04,2363,6240,4.502,0.929,1
1.057080402,1.543,0.83,1807,6000,4.487,0.946,1
0.855763571,3.639,72.02,2469,6686,4.283,1.332,1
0.822067729,4.737,91.86,2944,6531,3.962,1.921,1
4.74701479,2.464,13333.5,1640,6531,3.962,1.921,1
1.374249113,5.3102,109.69,2727,7053,3.958,2.121,1
2.028512161,4.9844,75.51,1541,6105,4.412,1.025,1
1.332555241,3.931,25.64,5081,5154,2.435,16.486,1
1.33255322,2.864,29.08,5314,4935,2.323,21.692,1
1.33257422,4.39,0.74,1726,6108,4.471,0.997,1
3.504743521,8.2907,212.05,2689,7624,3.622,3.682,1
2.856087645,4.8231,85.74,1737,6603,4.181,1.518,1
2.43764291,1.544,1.03,1921,6170,3.967,1.858,1
0.651731756,2.4626,75.91,2601,5791,4.052,1.472,1
0.5081914,3.021,3.36,3327,7138,4.215,1.619,1
2.733989628,4.1765,60.26,3219,10452,4.04,2.593,1
1.400991642,4.8794,97.99,2461,6714,4.033,1.906,1
1.34059211,2.687,0.87,1679,6045,4.494,0.955,1
2.071939743,4.45277,75.86,1695,6140,4.247,1.254,1
1.009671551,4.37735,127.74,3290,7652,3.974,2.242,1
2.46506501,6.218,1.14,1999,6881,4.101,1.714,1
1.701923484,3.0141,33.85,1558,5975,4.462,0.986,1
1.20705425,1.968,0.85,2849,7331,4.041,2.041,1
1.930451544,3.87337,58.99,1631,6144,4.388,1.18,1
2.427969056,5.0807,107.42,2275,7652,4.104,1.921,1
2.287515737,10.1209,90.26,1821,6807,4.296,1.413,1
0.517573684,2.22096,37.8,1877,5412,4.61,0.711,1
3.72920972,5.012,0.8,1713,6215,3.955,2.05,1
1.854491454,5.0501,70.52,1511,5843,4.413,0.99,1
0.93371043,3.147,0.71,1643,5436,4.548,0.869,1
0.93376274,4.84,0.98,1664,5390,4.479,0.852,1
0.933735681,4.825,13.48,3691,5016,3.013,5.344,1
0.934926162,3.193,58.54,1940,5966,4.439,1.06,1
0.933750324,6.587,226.96,3439,4909,3.136,5.272,1
0.933743577,2.468,0.96,1765,5763,4.511,0.868,1
0.93373954,3.973,0.38,2209,6297,4.282,1.157,1
3.008254795,4.4092,127,2255,8285,4.152,1.942,1
1.398889433,5.0107,54.17,1783,6134,4.378,1.051,1
0.8498588,1.382,14.4,1922,5780,4.438,1,1
0.9337158,3.855,0.84,2006,6170,4.43,1.032,1
2.03742299,3.895,0.67,1647,6544,4.43,1.055,1
2.19906912,6.30782,119.36,2109,6616,4.012,1.932,1
1.481655875,3.5105,60.06,1935,6478,4.307,1.174,1
1.388509263,2.85002,74.99,2151,6447,4.165,1.453,1
0.948084676,3.6977,1.31,2537,6881,4.253,1.502,1
0.626431679,2.0029,80.67,1706,5134,4.56,0.721,1
2.696355207,5.3849,80.45,1814,6472,4.08,1.579,1
4.5638537,13.05,2.97,1533,5446,3.793,2.39,1
1.463779957,0.921,1.55,2587,6768,3.937,2.148,1
0.5879389,1.39621,31.05,1799,5237,4.543,0.74,1
2.045166364,6.84895,132.12,2421,7128,3.95,2.135,1
2.4132866,7.689,0.5,1621,6640,4.393,1.13,1
0.895640978,0.2765,1.26,2491,5927,3.988,1.607,1
0.61565811,4.666,0.88,3458,6619,3.89,2.23,1
1.23141315,3.164,0.82,1757,5600,4.32,1.118,1
4.0953585,44.35,7.76,1680,6839,4.094,1.7,1
3.10199407,3.4122,2.38,2286,8167,4.071,2.03,1
2.618414391,5.02475,116.78,2582,8143,3.96,2.361,1
2.61843144,3.047,3.18,2404,5085,3.239,4.941,1
0.933746167,6.141,28.61,1985,6208,4.462,1.009,1
1.105094214,4.37335,268.23,3771,8011,3.773,2.927,1
0.817022988,3.2971,58.73,1950,5780,4.438,1,1
0.952377813,3.6915,28.11,1710,5661,4.524,0.863,1
3.521050607,3.5318,243.21,2435,5149,3.109,6.619,1
1.284239576,1.866,1.21,1624,5849,4.517,0.919,1
2.16158309,4.0091,29.68,1647,5888,4.167,1.219,1
0.535489675,1.987,1.35,3176,6328,4.035,1.864,1
0.876939409,1.349,0.9,1938,6018,4.485,0.975,1
0.750740212,1.5212,0.47,1638,5121,4.533,0.762,1
3.75938475,1.188,3.1,1677,4976,3.534,2.638,1
2.002808451,2.8941,57.31,2858,8564,4.042,2.266,1
2.305096703,1.8712,135.7,2753,8851,4.085,2.178,1
0.974477916,2.7041,621.14,5201,5210,2.631,15.004,1
0.533628226,5.772,2.41,3885,7163,3.906,2.177,1
0.678137542,1.0083,113.87,2278,6429,4.449,0.942,1
2.069415473,5.76959,60.51,1888,6709,4.252,1.408,1
1.472584815,4.7673,123.47,2703,7360,4.008,2.024,1
0.609127023,0.07,6.62,1891,5583,4.58,0.79,1
1.566528749,3.2506,45.26,1552,5883,4.471,0.905,1
1.03296165,1.017,22.55,5990,5283,2.352,18.959,1
1.587426781,2.64665,37.72,1899,6447,4.309,1.248,1
3.40195273,16.656,10.27,1799,7082,4.134,1.576,1
2.25283457,3.593,368.51,1931,6929,4.23,1.501,1
1.320497676,1.129,9.27,3303,5182,3.159,6.263,1
1.367516033,1.223,1.03,1983,6343,4.274,1.215,1
2.49787037,2.935,1.09,1907,7108,4.24,1.51,1
0.984971754,1.63988,75.28,2321,6437,4.236,1.37,1
1.149199,4.101,546.62,1689,5858,4.486,0.867,1
2.50012775,28.2,1.66,1977,6923,4.12,1.664,1
0.691823991,5.965,1.23,1878,5226,4.404,0.962,1
3.773744,15.2,2.44,2001,7302,3.965,2.069,1
0.527679051,1.395,0.84,2132,5817,4.544,0.87,1
0.527676714,1.41,0.42,1967,5367,4.514,0.828,1
0.5276782,2.32578,30.62,1676,5105,4.665,0.593,1
1.559090313,4.94494,129.61,2908,7279,3.856,2.624,1
0.612890716,2.898,0.94,2830,6709,4.252,1.408,1
2.274627926,4.52515,103.88,2093,6389,3.914,1.947,1
2.52127506,3.202,0.67,1554,6300,4.284,1.023,1
0.734426375,2.7205,39.93,2107,6108,4.471,0.997,1
0.734428195,1.617,1,2234,6416,4.455,1.009,1
0.565712985,0.906,0.85,1918,5220,4.48,0.881,1
3.74787115,3.423,7.68,2441,4929,3.001,7.7,1
3.747835124,5.27789,141.64,2696,8529,3.769,3.065,1
1.756466673,4.7662,65.33,1658,5835,4.261,1.104,1
1.941635701,2.4498,65.15,1725,6517,4.382,1.159,1
0.539445577,2.29142,72.05,2960,6486,4.174,1.456,1
0.577844091,4.656,20.76,1982,5684,4.562,0.819,1
2.630091575,13.6883,84.86,1552,6315,4.292,1.108,1
4.421589264,44.41,177.22,2566,8026,3.65,3.461,1
0.684494942,2.399,1.12,2916,5800,3.866,2.053,1
1.953285561,1.6759,28.77,1807,6463,4.282,1.302,1
0.502454292,2.31629,43.01,2335,6134,4.498,0.901,1
1.262742025,1.6817,970.64,2546,5273,3.621,3.15,1
0.589752219,0.124,2.42,1780,5417,4.625,0.694,1
0.892992585,2.6246,1.16,2039,6225,4.45,1.031,1
0.705806398,5.94,8.48,2106,6106,4.487,0.966,1
1.76094165,5.161,1.46,2858,8782,4.156,1.965,1
1.463148937,11.04,15.82,2371,6525,3.993,1.805,1
1.52592062,1.898,8.62,3773,4996,2.806,10.26,1
1.25383162,7.68,0.47,2109,6472,4.271,1.299,1
0.708965461,3.946,1.13,2417,6528,4.384,1.155,1
0.648773494,2.672,2.86,4118,5231,3.187,5.702,1
0.93706196,4.97,1.23,2647,6683,4.123,1.669,1
0.592618472,1.0307,0.88,2103,5926,4.532,0.887,1
0.532858014,3.156,1.08,3044,6266,4.067,1.613,1
0.566804272,6.083,1.53,2797,5102,3.787,1.961,1
0.566779671,5.5,1.62,2410,6319,4.447,1.032,1
0.566783766,2.796,0.86,2282,6063,4.476,1.012,1
0.566791931,3.62,0.82,3115,6432,4.018,1.603,1
0.566818497,3.812,0.93,2220,6215,4.543,0.872,1
0.566793614,5.723,21.63,7584,3789,1.549,27.384,1
0.566797298,4.123,0.76,2048,5490,4.436,0.887,1
0.56676226,4.919,0.66,2180,5766,4.433,0.94,1
0.577909128,1.37,1.15,2081,5730,4.503,0.908,1
0.566809215,4.868,1.03,2527,5018,3.953,1.734,1
0.56680269,4.798,0.95,2682,5616,4.04,1.547,1
1.345078434,10.19,12.16,2324,6664,4.141,1.675,1
0.594003994,5.557,1.55,4952,8596,3.793,2.968,1
2.08802799,24.017,1.93,2003,6593,4.117,1.67,1
0.778705577,6.445,59.33,4233,7846,3.743,3.066,1
0.536650344,2.878,1.57,3380,5490,3.681,2.825,1
0.933736313,3.568,0.35,1892,6302,4.535,0.815,1
0.9337599,4.241,0.62,1679,5611,4.53,0.787,1
0.93367742,4.306,0.83,1679,5606,4.553,0.839,1
0.93375093,3.62,0.63,1629,5646,4.603,0.744,1
55.7002642,4.285,1.18,309,4267,4.608,0.67,0
72.9333382,3.839,2.19,363,5376,4.604,0.758,0
56.6747285,5.422,2.84,468,5910,4.505,0.94,0
76.87935073,2.37,6.89,190,3587,4.888,0.38,0
54.5094166,4.222,1.55,310,4405,4.655,0.61,0
88.181186,5.0285,2.94,356,5463,4.575,0.83,0
51.1110243,7.987,1.75,478,5968,4.534,0.881,0
62.8691611,5.778,1.58,377,4947,4.476,0.868,0
84.8064917,9.2135,34.49,389,5737,4.521,0.856,0
69.3800706,3.424,2.31,421,5806,4.529,0.874,0
65.6488341,7.431,3.16,390,5436,4.573,0.819,0
71.05454653,1.9271,6.11,390,5290,4.46,0.865,0
85.06239161,4.6993,4899.78,355,5223,4.52,0.875,0
86.4383769,6.814,100.22,440,6194,4.457,1.02,0
63.9010267,8.756,8.33,353,5204,4.63,0.634,0
53.50186969,5.3032,56.5,405,5432,4.604,0.737,0
95.17831669,3.61191,28.43,272,4523,4.615,0.653,0
61.49113446,9.7505,23.35,438,5830,4.54,0.876,0
83.266321,2.888,2.58,421,5996,4.489,0.956,0
208.55037,9.826,2.06,299,5881,4.481,0.848,0
82.177374,9.165,2.2,441,6247,4.489,0.954,0
77.36242689,12.1619,43.05,362,5357,4.571,0.79,0
52.80275769,5.6284,29.01,470,5830,4.498,0.894,0
91.50028828,19.5503,22.46,337,5269,4.562,0.781,0
65.941326,7.662,2.35,454,5982,4.493,0.96,0
57.06003492,7.58115,24.14,454,5933,4.547,0.861,0
54.06132616,4.484,90.89,514,5786,4.318,1.112,0
56.04809312,4.06214,38.85,400,5222,4.518,0.78,0
50.35544781,5.56448,32.89,492,5936,4.501,0.965,0
54.6495759,8.405,2.26,517,6112,4.418,1.066,0
82.294751,7.009,1.67,408,6004,4.534,0.85,0
92.4362973,5.709,2.59,349,5598,4.6,0.745,0
65.427387,9.559,1.63,453,6014,4.504,0.926,0
61.569462,8.713,1.62,449,5880,4.518,0.917,0
91.080482,9.65,3.34,415,5915,4.437,1.008,0
85.273256,9.462,3.01,443,5922,4.349,1.057,0
58.58505713,3.58461,120.63,590,6391,4.226,1.332,0
58.7700093,7.135,1.65,508,6158,4.397,1.013,0
64.6588017,7.549,1.79,487,6197,4.449,1.035,0
58.940262,5.826,3.08,439,5853,4.555,0.83,0
96.16987,7.471,2.14,324,5334,4.617,0.71,0
60.32665084,1.7072,29.78,260,3842,4.664,0.598,0
82.304003,13.843,2.27,391,5751,4.53,0.848,0
62.12765716,5.26683,40.17,402,5344,4.494,0.807,0
62.596366,12.494,1.19,445,5951,4.523,0.851,0
60.5331174,7.053,2.02,421,5632,4.553,0.846,0
67.45106738,8.7579,28.99,562,4847,3.726,2.191,0
52.607947,8.232,1.13,437,5751,4.587,0.767,0
75.13182361,20.8234,26.65,359,5365,4.586,0.729,0
82.331714,8.454,1.75,445,6233,4.472,0.988,0
84.703921,10.447,2.97,473,6286,4.368,1.132,0
89.73971018,3.25847,38.3,364,5791,4.607,0.75,0
90.08263193,19.767,25.96,495,6514,4.322,1.225,0
89.3310748,11.758,7.85,559,6867,4.23,1.473,0
73.7506501,13.234,1.46,449,6085,4.467,0.962,0
190.799332,8.235,1.68,345,6362,4.462,0.992,0
124.9354878,7.5367,53.75,351,5883,4.53,0.892,0
119.6796818,32,198.19,847,8275,3.726,3.251,0
428.351205,26.393,45.41,220,5662,4.532,0.806,0
82.13760666,5.5528,241.28,507,6395,4.285,1.207,0
66.36092962,20.2313,63.37,420,5583,4.463,0.857,0
135.5860483,5.59222,72.72,383,6074,4.391,1.063,0
131.9782683,7.17216,154.52,457,4916,3.717,2.182,0
241.0715127,11.0083,21093.1,631,9541,4.096,2.259,0
106.1759232,10.4204,54.87,441,6038,4.254,1.141,0
184.646806,19.047,76.72,320,5713,4.414,1.023,0
143.1188862,16.8583,54.49,321,5713,4.551,0.856,0
76.81984562,5.11819,48.14,382,5668,4.579,0.785,0
165.4057521,13.6481,114.44,515,6061,3.759,2.185,0
71.66193278,6.39948,56.06,365,5075,4.497,0.824,0
70.58286133,8.82229,50.86,435,5973,4.516,0.904,0
286.175728,16.012,67.56,276,5904,4.471,0.946,0
152.1515007,26.347,86.57,362,6217,4.472,0.989,0
156.5165515,12.2541,61.35,367,6002,4.354,1.084,0
313.0933124,14.5548,48.43,207,5067,4.596,0.673,0
157.3222084,21.9712,57.35,351,6109,4.472,0.989,0
421.4296796,9.3151,8312.25,335,6235,4.034,1.708,0
204.7407266,20.6002,95.6,399,6502,4.227,1.407,0
290.7778646,12.0556,48.67,222,5207,4.585,0.734,0
204.0327978,17.8266,62.66,273,5551,4.57,0.809,0
58.62156727,8.5241,91.73,385,5232,4.554,0.725,0
65.58366676,5.06293,37.78,372,5514,4.646,0.667,0
394.678215,6.09018,52.04,235,5780,4.505,0.83,0
111.3199069,22.9881,51.71,490,5045,3.733,2.092,0
110.2951448,16.5943,39.36,364,5755,4.493,0.904,0
243.8213157,10.8992,45.02,352,6462,4.311,1.183,0
101.2633693,17.9001,44.41,435,6309,4.413,1.062,0
120.5816904,8.2971,58.32,294,5301,4.635,0.685,0
112.4665174,30.37,191.65,845,7591,3.617,3.708,0
198.4435555,9.9992,38.74,279,5651,4.572,0.792,0
184.5200804,15.3982,25.88,275,5341,4.514,0.776,0
131.7362765,5.29678,56.83,413,5102,3.962,1.669,0
198.0136698,9.7442,53.63,261,5359,4.566,0.708,0
114.9086169,7.7321,43.68,259,4412,4.565,0.737,0
210.3063247,6.67332,106.18,525,7591,4.05,2.017,0
56.40650345,18.6866,26.37,358,5011,4.617,0.647,0
117.6813456,12.759,25.27,440,6428,4.337,1.151,0
100.4013012,9.7612,26.69,420,5903,4.353,1.1,0
249.3625131,8.278,147.95,308,5940,4.352,1.02,0
178.2678707,5.88342,32.83,256,5126,4.578,0.696,0
244.8326998,4.35145,44.19,307,6105,4.443,0.993,0
245.4384279,14.3864,15.2,289,5637,4.383,0.99,0
178.4129728,2.9226,119.75,303,5934,4.577,0.794,0
174.7697201,2.3108,482.12,294,5693,4.574,0.802,0
282.5254856,10.8101,11.24,306,6007,4.34,1.124,0
175.0659015,4.5577,40.28,313,6024,4.566,0.825,0
160.8846509,10.7536,9.16,346,5650,4.313,1.044,0
141.2416467,6.7544,10.64,342,5926,4.519,0.913,0
217.8317626,21.3037,22.02,497,6382,3.764,2.274,0
214.3114164,16.1734,9.33,390,6517,4.241,1.375,0
208.8690864,4.5461,25.57,316,5914,4.421,0.987,0
181.8521027,5.7965,38.53,333,6063,4.476,1.012,0
223.11275,8.9974,46.19,332,6211,4.389,1.056,0
205.5832937,6.0481,41.71,323,6328,4.516,0.915,0
111.0391671,25.616,8.94,335,5470,4.509,0.777,0
227.6625544,5.5015,49.17,319,6124,4.414,1.007,0
213.3990721,6.5065,28.34,423,6953,4.23,1.465,0
115.9943534,2.4524,14.7,265,4530,4.566,0.735,0
130.4191911,3.9863,99.67,569,5767,3.666,2.694,0
164.96162,17.85,44.57,252,5001,4.603,0.664,0
240.7989397,16.442,6.84,283,5911,4.53,0.887,0
186.517042,3.1768,35.61,452,5018,3.639,2.99,0
197.1455277,2.1172,61.72,498,7214,4.093,1.935,0
141.7340273,1.6346,1650.26,380,5993,4.355,1.099,0
440.786134,21.268,6.7,308,6340,4.163,1.393,0
220.1303357,21.445,6.1,389,6340,4.163,1.393,0
288.3130099,5.505,11.26,269,5825,4.504,0.965,0
161.254237,22.505,4.66,303,5555,4.502,0.811,0
54.77127909,37.2938,35.26,777,5145,3.466,3.866,0
290.1402448,2.1317,6.53,245,5551,4.518,0.763,0
161.250252,22.868,5.53,319,5992,4.571,0.816,0
202.117533,4.6168,5.5,293,5817,4.544,0.87,0
161.255001,21.489,4.84,295,5565,4.574,0.802,0
70.9674603,6.8992,2.86,460,5900,4.379,1.002,0
280.48897,30.16,9447.11,268,5869,4.528,0.892,0
152.8277,22.146,32.24,734,4991,2.933,7.506,0
359.06421,15.529,32.64,300,6422,4.369,1.173,0
160.129918,13.176,3.26,338,6075,4.51,0.916,0
59.3627199,14.04,6.06,876,5897,3.455,4.015,0
247.860005,19.474,3.55,305,6351,4.513,0.921,0
66.1543018,5.861,12.61,468,6077,4.471,0.999,0
158.3223602,2.331,51.44,211,4340,4.67,0.572,0
356.53636,5.598,13.31,220,5385,4.532,0.75,0
141.6088561,7.506,2.89,290,5083,4.512,0.844,0
308.5471,18.464,2.36,298,6363,4.444,1.035,0
220.9292307,6.688,4.79,299,5893,4.483,0.941,0
138.9442,10.456,1.97,343,6049,4.552,0.845,0
364.758031,13.006,2.98,166,4386,4.629,0.63,0
178.140456,10.104,2.33,284,5592,4.584,0.782,0
70.7514489,6.079,85.89,441,5771,4.4,0.936,0
175.138819,10.666,2.94,361,6210,4.4,1.1,0
77.79068,5.285,1.78,473,6210,4.4,1.1,0
234.244257,12.929,3.14,335,6299,4.401,1.167,0
133.3036741,7.416,2.71,301,5269,4.543,0.801,0
125.4131177,2.2134,2.3,238,4366,4.624,0.639,0
357.058779,7.9,4.96,242,5754,4.534,0.905,0
168.811174,6.5,1.83,256,4893,4.542,0.761,0
215.959931,9.5,3.14,387,6532,4.255,1.344,0
163.692349,6.856,2.71,280,5334,4.585,0.796,0
169.133455,8.614,1.99,278,5380,4.588,0.779,0
225.262123,14.591,1.96,296,5984,4.508,0.892,0
126.557522,7.923,4.5,524,6501,4.054,1.854,0
87.140633,20.85,23.96,468,6517,4.432,1.051,0
124.828679,6.334,2.31,342,5835,4.554,0.847,0
214.886545,10.11,2.71,266,5375,4.541,0.876,0
101.1114976,8.13,1.47,201,3813,4.767,0.477,0
225.582809,11.181,2.65,312,6184,4.488,0.959,0
184.771853,9.706,2.17,251,5220,4.631,0.677,0
110.458419,12.365,1.84,414,6297,4.448,1.031,0
198.088774,8.121,2.74,266,5462,4.592,0.764,0
143.193434,10.5,3.79,380,6007,4.333,1.06,0
122.901388,16.086,2.89,340,5716,4.544,0.872,0
94.446285,8.185,24.25,611,5780,3.729,2.478,0
64.2737752,9.756,4.72,570,6362,4.238,1.378,0
94.176898,7.097,4.33,493,6935,4.409,1.096,0
153.979578,8.994,2.67,330,5858,4.502,0.903,0
66.6430747,2.431,3.15,589,6609,4.234,1.422,0
145.786506,4.681,2.03,353,6014,4.486,0.993,0
173.2578372,2.027,117.29,376,6392,4.399,1.162,0
56.6449279,15.079,1.19,550,6102,4.273,1.201,0
160.850816,9.611,2.35,356,6175,4.44,0.974,0
67.7125988,1.538,82.63,460,6309,4.517,0.847,0
160.4126929,4.424,3.51,271,5278,4.616,0.729,0
174.509835,7.098,1.91,187,4366,4.817,0.455,0
106.953557,6.897,2.63,394,6075,4.486,0.969,0
75.8781266,1.347,3.42,417,5579,4.413,0.972,0
170.994068,3.504,2.34,346,6263,4.489,0.953,0
66.373379,11.181,2.02,471,6139,4.463,0.976,0
122.363553,9.32,1.83,408,6003,4.321,1.144,0
386.370548,10.95,3.15,211,5303,4.571,0.828,0
71.7631693,21.096,4.45,665,5529,3.685,2.817,0
118.668104,15.238,1.79,299,5017,4.531,0.792,0
147.660217,6.163,1.47,164,3668,4.821,0.431,0
85.7565495,5.802,5.18,716,5447,3.453,4.001,0
196.435224,8.602,1.98,276,5536,4.566,0.816,0
79.332118,11.145,1.6,500,6384,4.33,1.15,0
358.818075,2.449,2.48,262,6056,4.47,0.918,0
284.725113,13.08,19.36,279,5802,4.414,0.957,0
154.673607,9.156,2.28,371,6338,4.449,1.002,0
359.05995,21.45,4.18,268,6256,4.493,0.932,0
58.7483786,3.372,1.7,425,5574,4.505,0.805,0
114.34219,13.001,2.05,428,6257,4.377,1.186,0
132.778041,5.624,10.38,357,5780,4.438,1,0
158.349944,6.909,3.2,409,6517,4.349,1.278,0
140.252515,6.651,1.73,257,4771,4.586,0.696,0
54.333867,10.157,1.33,513,5689,4.27,1.101,0
105.997113,3.771,1.98,373,6068,4.568,0.829,0
75.2120067,3.096,1.74,446,6122,4.487,0.964,0
207.247959,6.355,1.93,194,4243,4.632,0.629,0
91.956432,13.19,1.69,429,5918,4.349,1.018,0
122.746744,8.035,9357.19,349,5623,4.485,0.981,0
119.69218,11.24,1.08,410,5963,4.321,1.176,0
54.081153,6.472,1.65,436,5770,4.585,0.776,0
101.951829,5.989,1.36,428,6210,4.407,1.054,0
53.28572,6.455,1.32,537,6015,4.297,1.057,0
112.306839,5.63,1.56,260,4569,4.615,0.653,0
177.669112,8.769,2.2,246,4907,4.599,0.739,0
92.263714,9.862,1.96,457,6343,4.411,1.137,0
56.447048,7.006,1.31,515,5993,4.36,1.087,0
51.5676874,5.206,1.3,433,5285,4.467,0.876,0
82.401233,6.38,2.35,463,6195,4.407,1.124,0
115.238747,5.373,2.07,353,5817,4.544,0.87,0
147.386541,9.744,3.07,356,6046,4.478,1.007,0
63.092904,6.95,3.06,573,6622,4.331,1.325,0
50.8808562,6.151,1.46,418,5415,4.556,0.728,0
420.929608,17.384,97.31,292,6462,4.322,1.177,0
59.4038121,9.621,1.61,570,6373,4.256,1.209,0
65.751633,7.25,1.84,455,6088,4.511,0.913,0
359.02674,14.21,6.63,181,4596,4.59,0.696,0
293.5052772,3.4532,111.56,245,5561,4.561,0.854,0
73.3378513,9.026,93.7,620,7216,4.254,1.44,0
282.5363177,10.3053,113.93,360,6401,4.175,1.41,0
155.045322,10.814,24518.8,605,6910,3.831,2.737,0
180.4117913,3.272,8.3,329,6032,4.485,0.973,0
623.0048527,23.5547,67.57,232,5695,4.277,1.246,0
287.378949,18.886,5.4,253,5645,4.526,0.838,0
100.345386,7.929,1.56,354,5313,4.441,0.9,0
276.88125,3.769,6933.48,239,5511,4.597,0.758,0
78.60435452,4.6607,35.74,438,5938,4.427,0.985,0
491.08027,7.42,1.86,241,5931,4.396,0.997,0
230.180609,13.353,6.39,313,6085,4.439,1.007,0
535.93723,11.85,1.83,227,6014,4.494,0.958,0
146.943366,14.482,2.8,425,6434,4.266,1.236,0
171.030621,10.84,2.39,358,6054,4.363,1.074,0
550.859839,14.592,1.98,240,6241,4.45,1.031,0
273.6858196,8.4085,36.49,299,6126,4.414,0.976,0
220.719361,8.056,2.2,235,5139,4.627,0.698,0
281.59155,5.604,7.55,225,5314,4.624,0.719,0
103.722779,6.129,1.54,359,5721,4.537,0.841,0
389.311179,4.964,6.42,245,5731,4.44,0.958,0
200.7997776,7.6521,48.6,303,5896,4.518,0.916,0
396.042616,18.173,92.08,318,5328,3.863,1.926,0
200.2371814,23.75,11.62,325,6108,4.471,0.997,0
265.74292,20.569,2.95,375,6543,4.203,1.48,0
137.396511,18.46,2.9,517,5425,3.704,2.655,0
297.71402,13.413,45.69,706,4916,2.572,10.801,0
472.2266389,4.9123,48.1,217,5763,4.55,0.848,0
76.378033,4.952,7.24,241,3877,4.673,0.586,0
55.2490054,5.16369,60.35,496,6063,4.476,1.012,0
124.885607,8.601,1.74,435,6103,4.209,1.234,0
237.819766,10.326,2.78,326,6202,4.395,1.11,0
74.624269,8.85,1.91,448,6187,4.499,0.937,0
509.997402,8.481,2.62,182,5037,4.54,0.756,0
56.6468656,4.505,1.94,378,5025,4.561,0.785,0
448.303558,12.713,1.66,232,6070,4.546,0.812,0
351.2879001,11.2584,40.56,252,5911,4.519,0.914,0
280.1605704,2.883,672.47,236,5377,4.583,0.797,0
519.7981481,14.9663,46.12,250,6254,4.418,1.064,0
100.3036973,10.6362,82.25,421,6060,4.397,1.046,0
209.0630238,9.91993,56.57,331,6131,4.412,1.033,0
70.33588472,4.65859,39.48,529,6082,4.215,1.306,0
295.958074,4.348,3.83,349,5364,3.858,1.769,0
120.939411,8.805,2.59,333,5456,4.477,0.843,0
397.395705,6.0935,45.99,244,5753,4.448,0.949,0
186.404271,10.46,1.06,336,6351,4.513,0.921,0
374.876239,11.328,4.92,282,5636,4.218,1.354,0
51.510703,4.66,3.27,603,5053,3.824,1.907,0
469.63111,13.556,3.28,202,5484,4.579,0.775,0
116.451879,16.196,3.17,306,5197,4.548,0.736,0
264.4655369,6.3806,4.41,433,6543,3.972,2.04,0
83.500613,14.45,1.69,343,5141,4.526,0.773,0
54.695713,5.467,2.12,405,5299,4.535,0.757,0
140.884708,10.035,1.21,366,6200,4.488,0.958,0
425.47785,17.848,3.22,248,5977,4.473,1.022,0
78.4285969,3.571,55.71,425,5780,4.438,1,0
61.224904,3.797,2.91,526,6362,4.408,1.144,0
65.3558881,2.165,2.61,337,4703,4.55,0.764,0
70.51623323,4.10291,56.55,390,5511,4.531,0.789,0
365.620697,32.263,12.75,215,5273,4.531,0.768,0
178.26391,4.826,3.32,252,4972,4.585,0.777,0
215.737102,7.221,9.68,231,4889,4.574,0.724,0
525.757097,4.915,1.84,174,5192,4.638,0.624,0
113.083949,9.761,1.37,475,6522,4.252,1.271,0
440.160997,11.098,3.28,260,6277,4.435,0.987,0
57.7746338,5.512,1.85,520,6224,4.409,1.083,0
199.06678,13.112,1.19,279,5458,4.498,0.819,0
303.226376,1.802,3.66,274,5952,4.469,0.955,0
240.571886,11.15,2.93,302,6146,4.497,0.943,0
217.792092,3.545,3.31,284,5821,4.554,0.848,0
259.33683,15.979,1.7,281,5906,4.467,0.85,0
287.336725,13.006,2.21,289,5568,4.272,1.123,0
374.41813,17.9,2.42,280,6195,4.407,1.124,0
58.669218,3.712,1.28,450,5548,4.433,0.986,0
466.003777,10.67,5.22,223,5830,4.54,0.876,0
64.71315981,5.64553,64.8,482,6175,4.44,0.974,0
62.7356532,10.6831,89.88,590,6211,4.127,1.44,0
265.2996043,8.9201,32.76,270,5870,4.545,0.867,0
265.2996628,4.537,7.19,270,5870,4.545,0.867,0
265.299876,8.816,5746.71,296,6108,4.471,0.997,0
265.311993,3.553,3.55,296,6108,4.471,0.997,0
282.9656983,21.5699,72.7,280,5999,4.494,0.959,0
453.543999,17.145,3.71,270,6109,4.312,1.179,0
122.8056263,1.93,1.99,418,6109,4.312,1.179,0
73.91781367,7.0594,50.14,484,6300,4.404,1.057,0
567.71329,12.85,3.28,325,6248,3.924,1.996,0
87.87827029,12.8226,55.54,378,5782,4.564,0.822,0
52.883755,7.95,67.44,559,6475,4.405,1.092,0
204.268012,38.04,11.62,236,4907,4.582,0.727,0
50.271712,6.027,3.16,600,6517,4.349,1.278,0
67.41957167,7.6438,49.16,469,6071,4.425,0.962,0
569.45154,13.15,1.9,225,6117,4.496,0.947,0
71.008017,5.395,1.11,419,5847,4.526,0.849,0
76.4533225,5.2683,25.94,291,4831,4.713,0.54,0
61.42252288,3.76794,40.92,325,4858,4.688,0.612,0
566.28176,20.39,2.79,203,5829,4.575,0.802,0
383.61248,12.263,2.3,248,6011,4.522,0.902,0
61.25956798,12.2021,55.1,447,5912,4.532,0.889,0
374.318792,5.96,243.21,241,5997,4.572,0.815,0
521.10826,18.36,1.5,231,5942,4.432,0.947,0
631.632,16.13,1.56,201,5689,4.493,0.894,0
252.1642984,23.976,37.95,243,5427,4.596,0.751,0
73.89416307,9.49703,39.5,392,5442,4.469,0.841,0
63.68194727,12.6029,71.65,486,5979,4.386,1.054,0
91.649983,10.294,2.27,568,6705,4.145,1.608,0
501.90703,12.43,1.83,254,6316,4.413,1.036,0
225.66716,16.6,1.94,331,6363,4.444,1.035,0
541.740761,12.488,3.52,247,6363,4.444,1.035,0
611.09299,15.22,1.53,215,6032,4.508,0.929,0
486.77832,15.29,9.3,409,5039,3.295,4.95,0
129.839927,14.324,1.53,385,6133,4.427,1.032,0
58.64379,24.44,1.05,437,5833,4.537,0.775,0
345.1846996,6.5509,43.41,257,5712,4.424,0.971,0
74.98528891,6.23826,49.37,425,5955,4.52,0.91,0
410.88527,24.1,200346,774,5015,2.34,18.489,0
74.371666,12.59,2.39,767,6865,3.742,2.211,0
53.22042183,17.717,29.45,528,5830,4.27,1.077,0
76.01814341,13.4864,63.78,652,6703,4.018,1.892,0
439.21978,9.392,1.81,266,6553,4.479,0.962,0
485.52409,11.04,6149.09,191,5227,4.584,0.8,0
359.534371,24.205,64333.8,491,5087,3.183,5.899,0
534.86668,8.19,4.3,328,6668,4.074,1.791,0
498.27269,8.92,2.12,214,5618,4.514,0.932,0
63.52020564,17.1728,29.98,520,5066,3.974,1.659,0
383.85362,9.76,2.78,314,6675,4.341,1.293,0
455.6333,13.304,2.96,228,5883,4.53,0.892,0
548.08441,17.66,2.35,222,5780,4.438,1,0
281.502787,56.77,455.14,672,4795,2.634,9.57,0
552.8295879,16.1525,55.49,229,5956,4.403,0.929,0
533.6593,12.81,1.92,205,5695,4.556,0.839,0
75.906736,11.64,0.63,507,6140,4.248,1.206,0
321.00742,13.01,3.7,351,5258,3.771,2.004,0
70.37627256,6.44453,41.25,375,5463,4.594,0.759,0
129.220949,6.63,1.6,290,4989,4.522,0.789,0
53.64707263,19.9654,120.65,704,5268,3.611,2.497,0
593.19521,25.65,1.63,234,6103,4.391,1.03,0
384.843022,10.367,1.13,220,5578,4.578,0.794,0
502.20642,9.39,2.18,212,6018,4.615,0.733,0
279.012698,25.35,7218.97,322,6338,4.357,1.143,0
62.519211,2.523,1.9,520,6343,4.411,1.137,0
97.991193,4.834,1.3,466,6484,4.377,1.173,0
64.1983721,0.934,1.74,506,6088,4.329,1.077,0
82.784677,8.485,1.53,450,5833,4.292,1.047,0
441.17369,14.82,2.27,217,5610,4.551,0.858,0
50.44029716,12.1792,39.69,597,6237,4.241,1.269,0
407.14656,23.26,1.18,272,5845,4.282,1.198,0
487.83894,32.77,3.94,298,5421,3.882,1.877,0
80.70602378,6.9506,16.48,428,6053,4.494,0.949,0
542.52829,11.06,1.07,266,6099,4.204,1.212,0
317.058383,9.875,1.53,221,5370,4.599,0.73,0
299.70688,15.39,1.15,237,5606,4.597,0.76,0
581.0723,15.81,161858,639,5026,2.504,16.891,0
134.413808,13.907,1.69,391,6013,4.37,1.187,0
659.34575,18.01,3.8,325,6923,4.049,1.92,0
58.28810808,21.6347,42.86,462,5463,4.353,1.044,0
50.46702735,8.97296,44.64,523,6137,4.448,1.012,0
198.11309,15.59,1.09,399,6163,4.144,1.486,0
377.502629,12.124,2.37,266,6137,4.46,1.018,0
50.0122,3.426,1.2,432,5357,4.503,0.814,0
323.28505,25.09,1.86,305,6257,4.342,1.136,0
65.4317317,12.259,59.14,490,6201,4.431,1.04,0
392.50115,9.88,1.9,225,5128,4.388,0.988,0
60.2973933,14.2525,64.2,481,5995,4.434,0.977,0
498.68845,17.88,2.44,246,6184,4.448,1.038,0
563.94854,15.631,2.55,209,5853,4.544,0.868,0
374.51648,6.088,73.1,220,5714,4.627,0.711,0
374.514471,6.629,139.55,295,6446,4.381,1.155,0
482.62011,12.86,1.98,263,6315,4.389,1.095,0
451.86579,13.47,1.85,464,9024,4.154,2.005,0
491.52571,12.43,1.43,159,4541,4.608,0.669,0
608.20572,13.63,1.46,143,4486,4.642,0.646,0
480.03759,16.25,1.14,109,3622,4.826,0.43,0
366.084069,11.253,2.19,257,5941,4.464,0.945,0
439.1076969,26.2259,24.7,221,5810,4.567,0.811,0
414.45008,19.15,7.01,364,7037,4.136,1.683,0
328.32211,13.53,1.3,193,4906,4.648,0.668,0
381.97977,15.7,1.55,132,3761,4.724,0.526,0
67.412998,9.1,1.57,572,6525,4.248,1.359,0
293.70696,11.03,6140.44,274,6054,4.508,0.893,0
342.5539898,73.9041,829.41,738,4857,2.422,14.219,0
362.747593,16.45,2.51,384,6176,3.885,2.16,0
589.74851,12.74,2.03,217,6003,4.507,0.932,0
235.2976173,87.013,82.92,585,4894,2.968,5.568,0
677.35794,9.698,7.12,388,6335,3.593,3.523,0
466.08101,23.69,2.13,305,6098,4.097,1.59,0